"Symbol","Name","LastSale","MarketCap","ADR TSO","IPOyear","Sector","industry","Summary Quote",
"FAX","Aberdeen Asia-Pacific Income Fund Inc","6.1","1631188360.8","n/a","1986","n/a","n/a","http://www.nasdaq.com/symbol/fax",
"IAF","Aberdeen Australia Equity Fund Inc","10.49","236802529.29","n/a","1985","n/a","n/a","http://www.nasdaq.com/symbol/iaf",
"CH","Aberdeen Chile Fund, Inc.","13.29","124746545.13","n/a","n/a","n/a","n/a","http://www.nasdaq.com/symbol/ch",
"ETF","Aberdeen Emerging Markets Smaller Company Opportunities Fund I","19.91","164191100.15","n/a","1992","n/a","n/a","http://www.nasdaq.com/symbol/etf",
"FCO","Aberdeen Global Income Fund, Inc.","10.935","102834380.25","n/a","1992","n/a","n/a","http://www.nasdaq.com/symbol/fco",
"IF","Aberdeen Indonesia Fund, Inc.","9.74","92386305.78","n/a","1990","n/a","n/a","http://www.nasdaq.com/symbol/if",
"ISL","Aberdeen Israel Fund, Inc.","15.6188","65991382.35","n/a","1992","n/a","n/a","http://www.nasdaq.com/symbol/isl",
"ACU","Acme United Corporation.","14.6525","46591682.4925","n/a","1988","Capital Goods","Industrial Machinery/Components","http://www.nasdaq.com/symbol/acu",
"AE","Adams Resources & Energy, Inc.","55.64","234667041.44","n/a","n/a","Energy","Oil Refining/Marketing","http://www.nasdaq.com/symbol/ae",
"ADK","Adcare Health Systems Inc","3.98","59180606.02","n/a","n/a","Health Care","Hospital/Nursing Management","http://www.nasdaq.com/symbol/adk",
"ADK^A","Adcare Health Systems Inc","27.3","0","n/a","n/a","n/a","n/a","http://www.nasdaq.com/symbol/adk^a",
"API","Advanced Photonix, Inc.","0.59","18406552.73","n/a","n/a","Technology","Semiconductors","http://www.nasdaq.com/symbol/api",
"ACY","AeroCentury Corp.","20.35","31405279.95","n/a","n/a","Technology","Diversified Commercial Services","http://www.nasdaq.com/symbol/acy",
"AIRI","Air Industries Group","8.01","45745854.93","n/a","n/a","Capital Goods","Military/Government/Technical","http://www.nasdaq.com/symbol/airi",
"AA^","Alcoa Inc.","71.2","0","n/a","n/a","Capital Goods","Metal Fabrications","http://www.nasdaq.com/symbol/aa^",
"AXX","Alderon Iron Ore Corp.","1.48","192613367.16","n/a","n/a","Basic Industries","Precious Metals","http://www.nasdaq.com/symbol/axx",
"AXU","Alexco Resource Corp","1.28","80094589.44","n/a","n/a","Basic Industries","Precious Metals","http://www.nasdaq.com/symbol/axu",
"ANV","Allied Nevada Gold Corp.","3.84","399143692.8","n/a","n/a","Basic Industries","Precious Metals","http://www.nasdaq.com/symbol/anv",
"AAU","Almaden Minerals, Ltd.","1.33","85776116.93","n/a","n/a","Basic Industries","Precious Metals","http://www.nasdaq.com/symbol/aau",
"APT","Alpha Pro Tech, Ltd.","1.54","29430821.42","n/a","n/a","Health Care","Industrial Specialties","http://www.nasdaq.com/symbol/apt",
"ALTV","Alteva (D/B/A)","8.43","51810830.58","n/a","n/a","Public Utilities","Telecommunications Equipment","http://www.nasdaq.com/symbol/altv",
"AAMC","Altisource Asset Management Corp","671.12","1574192494.4","n/a","n/a","Finance","Real Estate","http://www.nasdaq.com/symbol/aamc",
"DIT","AMCON Distributing Company","82.06","51132816.9","n/a","n/a","Consumer Non-Durables","Food Distributors","http://www.nasdaq.com/symbol/dit",
"APP","American Apparel Inc","1.22","134621530.74","n/a","1994","Finance","Business Services","http://www.nasdaq.com/symbol/app",
"ADGE","American DG Energy Inc.","1.61","78579583.95","n/a","n/a","Energy","Electric Utilities: Central","http://www.nasdaq.com/symbol/adge",
"ALN","American Lorain Corporation","0.75","25962535.5","n/a","n/a","Consumer Non-Durables","Packaged Foods","http://www.nasdaq.com/symbol/aln",
"AMS","American Shared Hospital Services","2.6","11983062","n/a","n/a","Health Care","Medical Specialities","http://www.nasdaq.com/symbol/ams",
"AQQ","American Spectrum Realty, Inc.","2.1","7470441.3","n/a","n/a","Consumer Services","Real Estate Investment Trusts","http://www.nasdaq.com/symbol/aqq",
"AMPE","Ampio Pharmaceuticals, Inc.","7.57","281081208.23","n/a","n/a","Health Care","Major Pharmaceuticals","http://www.nasdaq.com/symbol/ampe",
"AXN","Aoxing Pharmaceutical Company, Inc.","0.26","12951853.72","n/a","n/a","Health Care","Major Pharmaceuticals","http://www.nasdaq.com/symbol/axn",
"AMCO","Armco Metals Holdings, Inc.","0.363","8672265.294","n/a","n/a","n/a","n/a","http://www.nasdaq.com/symbol/amco",
"ARR/WS","ARMOUR Residential REIT, Inc.","0.0026","0","n/a","n/a","n/a","n/a","http://www.nasdaq.com/symbol/arr/ws",
"HRT","Arrhythmia Research Technology Inc.","2.66","7193275.74","n/a","n/a","Health Care","Biotechnology: Electromedical & Electrotherapeutic Apparatus","http://www.nasdaq.com/symbol/hrt",
"AKG","Asanko Gold Inc.","2.27","193073347.26","n/a","n/a","Basic Industries","Mining & Quarrying of Nonmetallic Minerals (No Fuels)","http://www.nasdaq.com/symbol/akg",
"ATL","Atlatsa Resources Corporation","0.42","84793158.66","n/a","1986","Basic Industries","Precious Metals","http://www.nasdaq.com/symbol/atl",
"AZC","Augusta Resource Corporation","1.98","285619082.76","n/a","n/a","Basic Industries","Precious Metals","http://www.nasdaq.com/symbol/azc",
"AWX","Avalon Holdings Corporation","5.1004","19398509.4324","n/a","n/a","Public Utilities","Environmental Services","http://www.nasdaq.com/symbol/awx",
"AVL","Avalon Rare Metals, Inc.","0.9299","96520817.2814","n/a","1980","Basic Industries","Precious Metals","http://www.nasdaq.com/symbol/avl",
"ASM","Avino Silver","1.11","30463210.74","n/a","1992","Basic Industries","Precious Metals","http://www.nasdaq.com/symbol/asm",
"BTG","B2Gold Corp","2.31","1504689994.5","n/a","n/a","Basic Industries","Precious Metals","http://www.nasdaq.com/symbol/btg",
"BONE","Bacterin International Holdings, Inc.","0.75","38525234.25","n/a","n/a","Health Care","Biotechnology: Biological Products (No Diagnostic Substances)","http://www.nasdaq.com/symbol/bone",
"BTN","Ballantyne Strong, Inc","5.05","71398399.85","n/a","1995","Miscellaneous","Industrial Machinery/Components","http://www.nasdaq.com/symbol/btn",
"BKJ","Bancorp of New Jersey, Inc","13.9","73882197.4","n/a","n/a","Finance","Major Banks","http://www.nasdaq.com/symbol/bkj",
"BCV","Bancroft Fund Limited","18","96745590","n/a","n/a","n/a","n/a","http://www.nasdaq.com/symbol/bcv",
"BAA","BANRO CORPORATION","0.625","157562920","n/a","n/a","Basic Industries","Precious Metals","http://www.nasdaq.com/symbol/baa",
"BHB","Bar Harbor Bankshares, Inc.","35.98","141635413.92","n/a","n/a","Finance","Major Banks","http://www.nasdaq.com/symbol/bhb",
"BRN","Barnwell Industries, Inc.","3.4","28142344","n/a","n/a","Energy","Oil & Gas Production","http://www.nasdaq.com/symbol/brn",
"BXE","Bellatrix Exploration Ltd","7.93","860743293.8","n/a","n/a","Energy","Oil & Gas Production","http://www.nasdaq.com/symbol/bxe",
"BIR^A","Berkshire Income Realty, Inc.","26.15","0","n/a","n/a","n/a","n/a","http://www.nasdaq.com/symbol/bir^a",
"BTX","BioTime, Inc.","3.8","220165236","n/a","n/a","Health Care","Biotechnology: Biological Products (No Diagnostic Substances)","http://www.nasdaq.com/symbol/btx",
"BGI","Birks Group Inc.","2.07","0","n/a","n/a","n/a","n/a","http://www.nasdaq.com/symbol/bgi",
"BQY","BlackRock Dividend Income Trust","12.42","74930207.76","n/a","2004","n/a","n/a","http://www.nasdaq.com/symbol/bqy",
"BZM","BlackRock Maryland Municipal Bond Trust","12.75","14798245539.75","n/a","2002","n/a","n/a","http://www.nasdaq.com/symbol/bzm",
"MHE","BlackRock Massachusetts Tax-Exempt Trust","12.0149","0","n/a","1993","n/a","n/a","http://www.nasdaq.com/symbol/mhe",
"BLE","BlackRock Municipal Income Trust II","14.04","328893865.56","n/a","1992","n/a","n/a","http://www.nasdaq.com/symbol/ble",
"BLJ","Blackrock New Jersey Municipal Bond Trust","13.5","15668730571.5","n/a","2002","n/a","n/a","http://www.nasdaq.com/symbol/blj",
"BFY","BlackRock New York Municipal Income Trust II","12.85","64195734.45","n/a","2002","n/a","n/a","http://www.nasdaq.com/symbol/bfy",
"BPS","BlackRock Pennsylvania Strategic Municipal Trust (The)","11.99","24365058.85","n/a","1994","n/a","n/a","http://www.nasdaq.com/symbol/bps",
"BHV","BlackRock Virginia Municipal Bond Trust","15.25","17699862312.25","n/a","2002","n/a","n/a","http://www.nasdaq.com/symbol/bhv",
"BDR","Blonder Tongue Laboratories, Inc.","0.99","6153400.44","n/a","1995","Technology","Radio And Television Broadcasting And Communications Equipment","http://www.nasdaq.com/symbol/bdr",
"BVX","Bovie Medical Corporation","2.82","50270267.52","n/a","n/a","Health Care","Medical/Dental Instruments","http://www.nasdaq.com/symbol/bvx",
"BWL/A","Bowl America, Inc.","14","0","n/a","n/a","Consumer Services","Services-Misc. Amusement & Recreation","http://www.nasdaq.com/symbol/bwl/a",
"BZC","Breeze-Eastern Corporation","9.69","93449206.89","n/a","n/a","Capital Goods","Military/Government/Technical","http://www.nasdaq.com/symbol/bzc",
"BRD","Brigus Gold Corp","0.55","127540558.2","n/a","n/a","Basic Industries","Precious Metals","http://www.nasdaq.com/symbol/brd",
"BTI","British American Tobacco p.l.c.","102.77","97594715533.9","n/a","n/a","Consumer Non-Durables","Farming/Seeds/Milling","http://www.nasdaq.com/symbol/bti",
"CAK","CAMAC Energy Inc.","0.82","128629275.4","n/a","n/a","Energy","Oil & Gas Production","http://www.nasdaq.com/symbol/cak",
"CDY","Cardero Resource Corporation","0.128","14519842.56","n/a","n/a","Basic Industries","Precious Metals","http://www.nasdaq.com/symbol/cdy",
"CXM","Cardium Therapeutics, Inc.","1","7313467","n/a","n/a","Health Care","Biotechnology: Biological Products (No Diagnostic Substances)","http://www.nasdaq.com/symbol/cxm",
"ROX","Castle Brands, Inc.","0.75","82366894.5","n/a","2006","Consumer Non-Durables","Beverages (Production/Distribution)","http://www.nasdaq.com/symbol/rox",
"CAW","CCA Industries, Inc.","3.44","24267280.48","n/a","n/a","Consumer Non-Durables","Package Goods/Cosmetics","http://www.nasdaq.com/symbol/caw",
"CVM","Cel-Sci Corporation","1.21","37498537.67","n/a","n/a","Health Care","Biotechnology: Biological Products (No Diagnostic Substances)","http://www.nasdaq.com/symbol/cvm",
"CEF","Central Fund of Canada Limited","14.4","3663831067.2","n/a","n/a","n/a","n/a","http://www.nasdaq.com/symbol/cef",
"GTU","Central Gold Trust","45.39","875981610","n/a","n/a","n/a","n/a","http://www.nasdaq.com/symbol/gtu",
"CET","Central Securities Corporation","23.64","547357061.28","n/a","n/a","n/a","n/a","http://www.nasdaq.com/symbol/cet",
"CCF","Chase Corporation","28.34","257386628.98","n/a","n/a","Consumer Durables","Building Products","http://www.nasdaq.com/symbol/ccf",
"CQP","Cheniere Energy Partners, LP","26.71","9022531507.23","n/a","2007","Public Utilities","Oil/Gas Transmission","http://www.nasdaq.com/symbol/cqp",
"LNG","Cheniere Energy, Inc.","35.27","8429615988.26","n/a","n/a","Public Utilities","Oil/Gas Transmission","http://www.nasdaq.com/symbol/lng",
"CVR","Chicago Rivet & Machine Co.","30.46","29428380.72","n/a","n/a","Technology","Industrial Machinery/Components","http://www.nasdaq.com/symbol/cvr",
"CHGS","China GengSheng Minerals, Inc.","0.1405","3765827.682","n/a","n/a","Consumer Durables","Miscellaneous manufacturing industries","http://www.nasdaq.com/symbol/chgs",
"CMFO","China Marine Food Group Limited","0.45","13375339.2","n/a","n/a","Consumer Non-Durables","Packaged Foods","http://www.nasdaq.com/symbol/cmfo",
"CNR","China Metro-Rural Holdings Limited","1.34","98548667.88","n/a","n/a","Finance","Real Estate","http://www.nasdaq.com/symbol/cnr",
"CPHI","China Pharma Holdings, Inc.","0.2993","13043361.4101","n/a","n/a","Health Care","Major Pharmaceuticals","http://www.nasdaq.com/symbol/cphi",
"CKX","CKX Lands, Inc.","16.13","31332444.35","n/a","n/a","Energy","Oil & Gas Production","http://www.nasdaq.com/symbol/ckx",
"CGR","Claude Resources, Inc.","0.2233","39258680.2608","n/a","n/a","Basic Industries","Precious Metals","http://www.nasdaq.com/symbol/cgr",
"GLV","Clough Global Allocation Fund","15.22","158814703.32","n/a","2004","n/a","n/a","http://www.nasdaq.com/symbol/glv",
"GLQ","Clough Global Equity Fund","15.1","269394645.5","n/a","2005","n/a","n/a","http://www.nasdaq.com/symbol/glq",
"GLO","Clough Global Opportunities Fund","12.93","668957586.87","n/a","1988","n/a","n/a","http://www.nasdaq.com/symbol/glo",
"CRV","Coast Distribution System, Inc. (The)","3.75","19073377.5","n/a","n/a","Capital Goods","Automotive Aftermarket","http://www.nasdaq.com/symbol/crv",
"MOC","Command Security Corporation","1.4428","13120243.1944","n/a","n/a","Consumer Services","Diversified Commercial Services","http://www.nasdaq.com/symbol/moc",
"CIX","CompX International Inc.","11.84","146781746.88","n/a","1998","Capital Goods","Industrial Machinery/Components","http://www.nasdaq.com/symbol/cix",
"LODE","Comstock Mining, Inc.","1.85","125225417.75","n/a","n/a","Basic Industries","Precious Metals","http://www.nasdaq.com/symbol/lode",
"CTO","Consolidated-Tomoka Land Co.","37.32","218857877.88","n/a","n/a","Finance","Real Estate","http://www.nasdaq.com/symbol/cto",
"CEP","Constellation Energy Partners, LLC","2.21","63977831.45","n/a","n/a","Energy","Oil & Gas Production","http://www.nasdaq.com/symbol/cep",
"MCF","Contango Oil & Gas Company","38.24","581054964.48","n/a","1990","Energy","Oil & Gas Production","http://www.nasdaq.com/symbol/mcf",
"CUO","Continental Materials Corporation","16.1","26387239.9","n/a","n/a","Capital Goods","Building Materials","http://www.nasdaq.com/symbol/cuo",
"CMT","Core Molding Technologies Inc","9.57","70199175.09","n/a","1992","Consumer Non-Durables","Plastic Products","http://www.nasdaq.com/symbol/cmt",
"CRMD","CorMedix Inc","0.9542","13697124.9688","n/a","n/a","Health Care","Major Pharmaceuticals","http://www.nasdaq.com/symbol/crmd",
"CRMD/WS","CorMedix Inc","0.1498","0","n/a","n/a","n/a","n/a","http://www.nasdaq.com/symbol/crmd/ws",
"CFP","Cornerstone Progressive Return Fund","5.155","130282546.975","n/a","n/a","n/a","n/a","http://www.nasdaq.com/symbol/cfp",
"CRF","Cornerstone Strategic Return Fund, Inc. (The)","6.71","69253889.87","n/a","1994","n/a","n/a","http://www.nasdaq.com/symbol/crf",
"CLM","Cornerstone Strategic Value Fund, Inc.","7.2299","136753883.8455","n/a","1987","n/a","n/a","http://www.nasdaq.com/symbol/clm",
"COVR","Cover-All Technologies Inc.","1.28","33689224.96","n/a","n/a","Technology","Computer Software: Prepackaged Software","http://www.nasdaq.com/symbol/covr",
"CVU","CPI Aerostructures, Inc.","11.13","93402448.02","n/a","n/a","Capital Goods","Military/Government/Technical","http://www.nasdaq.com/symbol/cvu",
"CIK","Credit Suisse Asset Management Income Fund, Inc.","3.66","191122359.84","n/a","n/a","n/a","n/a","http://www.nasdaq.com/symbol/cik",
"DHY","Credit Suisse High Yield Bond Fund","3.09","300203310.75","n/a","1998","n/a","n/a","http://www.nasdaq.com/symbol/dhy",
"EXE","Crexendo, Inc.","3.004","32172551.616","n/a","n/a","Technology","EDP Services","http://www.nasdaq.com/symbol/exe",
"CRVP","Crystal Rock Holdings, Inc.","0.87","18589212.57","n/a","n/a","Consumer Non-Durables","Food Distributors","http://www.nasdaq.com/symbol/crvp",
"CTP","CTPartners Executive Search Inc.","4.7","33167970.5","n/a","2010","Technology","Diversified Commercial Services","http://www.nasdaq.com/symbol/ctp",
"DXR","Daxor Corporation","6.88","28320446.72","n/a","n/a","Health Care","Medical/Dental Instruments","http://www.nasdaq.com/symbol/dxr",
"DEJ","Dejour Energy Inc.","0.1859","27683553.9266","n/a","n/a","Energy","Oil & Gas Production","http://www.nasdaq.com/symbol/dej",
"VCF","Delaware Investments Colorado Municipal Income Fund, Inc","12.5","60463750","n/a","1993","n/a","n/a","http://www.nasdaq.com/symbol/vcf",
"VFL","Delaware Investments Florida Insured Municipal Income Fund","11.76","53254489.68","n/a","1993","n/a","n/a","http://www.nasdaq.com/symbol/vfl",
"VMM","Delaware Investments Minnesota Municipal Income Fund II, Inc.","12.82","147493779.5","n/a","1993","n/a","n/a","http://www.nasdaq.com/symbol/vmm",
"DLA","Delta Apparel, Inc.","17.56","138264770.88","n/a","n/a","Consumer Non-Durables","Apparel","http://www.nasdaq.com/symbol/dla",
"DNN","Denison Mine Corp","1.09","490422535.88","n/a","n/a","Basic Industries","Precious Metals","http://www.nasdaq.com/symbol/dnn",
"DGSE","DGSE Companies, Inc.","2.89","35187437.76","n/a","n/a","Consumer Services","Consumer Specialties","http://www.nasdaq.com/symbol/dgse",
"DPW","Digital Power Corporation","0.69","4728681.09","n/a","n/a","Capital Goods","Industrial Machinery/Components","http://www.nasdaq.com/symbol/dpw",
"DSS","Document Security Systems, Inc.","1.06","48714965.9","n/a","n/a","Technology","EDP Services","http://www.nasdaq.com/symbol/dss",
"DMF","Dreyfus Municipal Income, Inc.","8.45","174961584.85","n/a","1988","n/a","n/a","http://www.nasdaq.com/symbol/dmf",
"GRF","Eagle Capital Growth Fund, Inc.","8.2","25626016.8","n/a","n/a","n/a","n/a","http://www.nasdaq.com/symbol/grf",
"ESTE","Earthstone Energy, Inc.","16.601","28757082.25","n/a","n/a","Energy","Oil & Gas Production","http://www.nasdaq.com/symbol/este",
"EVM","Eaton Vance California Municipal Bond Fund","10.22","222348220.92","n/a","2002","n/a","n/a","http://www.nasdaq.com/symbol/evm",
"EIA","Eaton Vance California Municipal Bond Fund II","11.03","42854086.9","n/a","2002","n/a","n/a","http://www.nasdaq.com/symbol/eia",
"CEV","Eaton Vance California Municipal Income Trust","11.6","84228470","n/a","1999","n/a","n/a","http://www.nasdaq.com/symbol/cev",
"EVV","Eaton Vance Limited Duration Income Fund","15.3","1797867259.2","n/a","2003","n/a","n/a","http://www.nasdaq.com/symbol/evv",
"MAB","Eaton Vance Massachusetts Municipal Bond Fund","12.35","21841147.9","n/a","2002","n/a","n/a","http://www.nasdaq.com/symbol/mab",
"MMV","Eaton Vance Massachusetts Municipal Income Trust","12.66","34821595.86","n/a","1999","n/a","n/a","http://www.nasdaq.com/symbol/mmv",
"MIW","Eaton Vance Michigan Municipal Bond Fund","11.59","17548013.35","n/a","2002","n/a","n/a","http://www.nasdaq.com/symbol/miw",
"EMI","Eaton Vance Michigan Municipal Income Trust","11.15","23596678.1","n/a","1999","n/a","n/a","http://www.nasdaq.com/symbol/emi",
"EIM","Eaton Vance Municipal Bond Fund","11.29","769619542.5","n/a","2002","n/a","n/a","http://www.nasdaq.com/symbol/eim",
"EIV","Eaton Vance Municipal Bond Fund II","10.895","109095785.995","n/a","2002","n/a","n/a","http://www.nasdaq.com/symbol/eiv",
"EMJ","Eaton Vance New Jersey Municipal Bond Fund","11.6","30263356","n/a","2002","n/a","n/a","http://www.nasdaq.com/symbol/emj",
"EVJ","Eaton Vance New Jersey Municipal Income Trust","11.915","55752167.57","n/a","1999","n/a","n/a","http://www.nasdaq.com/symbol/evj",
"ENX","Eaton Vance New York Municipal Bond Fund","11.39","181062103.15","n/a","2002","n/a","n/a","http://www.nasdaq.com/symbol/enx",
"NYH","Eaton Vance New York Municipal Bond Fund II","11.1636","28656302.5476","n/a","2002","n/a","n/a","http://www.nasdaq.com/symbol/nyh",
"EVY","Eaton Vance New York Municipal Income Trust","12.25","67064291","n/a","1999","n/a","n/a","http://www.nasdaq.com/symbol/evy",
"EIO","Eaton Vance Ohio Municipal Bond Fund","11.21","28434254.68","n/a","2002","n/a","n/a","http://www.nasdaq.com/symbol/eio",
"EVO","Eaton Vance Ohio Municipal Income Trust","12.15","34714457.55","n/a","1999","n/a","n/a","http://www.nasdaq.com/symbol/evo",
"EIP","Eaton Vance Pennsylvania Municipal Bond Fund","11.4545","33902559.4655","n/a","2002","n/a","n/a","http://www.nasdaq.com/symbol/eip",
"EVP","Eaton Vance Pennsylvania Municipal Income Trust","11.3158","30783660.7412","n/a","1999","n/a","n/a","http://www.nasdaq.com/symbol/evp",
"ELMD","Electromed, Inc.","1.08","8763392.16","n/a","2010","Health Care","Biotechnology: Electromedical & Electrotherapeutic Apparatus","http://www.nasdaq.com/symbol/elmd",
"ETAK","Elephant Talk Communications Corp.","0.6849","93118095.8226","n/a","n/a","Public Utilities","Telecommunications Equipment","http://www.nasdaq.com/symbol/etak",
"ELLO","Ellomay Capital Ltd.","8.66","92595932.86","n/a","n/a","Public Utilities","Electric Utilities: Central","http://www.nasdaq.com/symbol/ello",
"ECF","Ellsworth Convertible Growth and Income Fund, Inc.","7.86","106171952.52","n/a","1986","n/a","n/a","http://www.nasdaq.com/symbol/ecf",
"EMAN","eMagin Corporation","2.94","70161900.48","n/a","n/a","Technology","Semiconductors","http://www.nasdaq.com/symbol/eman",
"EOX","Emerald Oil, Inc.","7.75","466373703","n/a","n/a","Energy","Oil & Gas Production","http://www.nasdaq.com/symbol/eox",
"MSN","Emerson Radio Corporation","1.93","52360575.76","n/a","n/a","Consumer Non-Durables","Consumer Electronics/Appliances","http://www.nasdaq.com/symbol/msn",
"EGI","Entree Gold Inc","0.39","57226410.15","n/a","n/a","Basic Industries","Precious Metals","http://www.nasdaq.com/symbol/egi",
"EVI","EnviroStarm, Inc.","2.5","17584330","n/a","n/a","Consumer Services","Other Consumer Services","http://www.nasdaq.com/symbol/evi",
"ERB","ERBA Diagnostics, Inc.","1.41","61558091.61","n/a","1983","Health Care","Major Pharmaceuticals","http://www.nasdaq.com/symbol/erb",
"ESP","Espey Mfg. & Electronics Corp.","29.9","70332574","n/a","n/a","Capital Goods","Industrial Machinery/Components","http://www.nasdaq.com/symbol/esp",
"ETUA","eUnits 2 Year U.S. Market Participation Trust","11.37","29884782.93","n/a","n/a","n/a","n/a","http://www.nasdaq.com/symbol/etua",
"ETUB","eUnits 2 Year U.S. Market Participation Trust","11.3","0","n/a","n/a","n/a","n/a","http://www.nasdaq.com/symbol/etub",
"EMXX","Eurasian Minerals Inc.","1.2116","88032481.264","n/a","n/a","Basic Industries","Precious Metals","http://www.nasdaq.com/symbol/emxx",
"EVBN","Evans Bancorp, Inc.","19.92","83636032.32","n/a","n/a","Finance","Major Banks","http://www.nasdaq.com/symbol/evbn",
"EVK","Ever-Glory International Group, Inc.","4.736","69986760.96","n/a","n/a","Consumer Non-Durables","Apparel","http://www.nasdaq.com/symbol/evk",
"EPM","Evolution Petroleum Corporation, Inc.","11.24","321575174.84","n/a","n/a","Energy","Oil & Gas Production","http://www.nasdaq.com/symbol/epm",
"EPM^A","Evolution Petroleum Corporation, Inc.","26.5899","0","n/a","n/a","n/a","n/a","http://www.nasdaq.com/symbol/epm^a",
"XRA","Exeter Resource Corporation","0.74","65421737.22","n/a","n/a","Basic Industries","Mining & Quarrying of Nonmetallic Minerals (No Fuels)","http://www.nasdaq.com/symbol/xra",
"FU","FAB Universal Corp.","5.02","104445417.2","n/a","n/a","Technology","Computer Software: Prepackaged Software","http://www.nasdaq.com/symbol/fu",
"FCSC","Fibrocell Science Inc","4.19","161400987.18","n/a","n/a","Health Care","Major Pharmaceuticals","http://www.nasdaq.com/symbol/fcsc",
"FPP","FieldPoint Petroleum Corporation","4.55","36701828.8","n/a","n/a","Energy","Oil & Gas Production","http://www.nasdaq.com/symbol/fpp",
"FPP/WS","FieldPoint Petroleum Corporation","0.75","0","n/a","n/a","n/a","n/a","http://www.nasdaq.com/symbol/fpp/ws",
"MXN","First American Minnesota Municipal Income Fund II, Inc.","13.5","19878831","n/a","2002","n/a","n/a","http://www.nasdaq.com/symbol/mxn",
"FEN","First Trust Energy Income and Growth Fund","32.38","626348811.72","n/a","2004","n/a","n/a","http://www.nasdaq.com/symbol/fen",
"FWV","First West Virginia Bancorp, Inc.","16.72","28904365.6","n/a","n/a","Finance","Major Banks","http://www.nasdaq.com/symbol/fwv",
"BDL","Flanigan&#39;s Enterprises, Inc.","10.3","19152304.1","n/a","n/a","Consumer Services","Restaurants","http://www.nasdaq.com/symbol/bdl",
"FSI","Flexible Solutions International Inc.","1.12","14750389.92","n/a","1998","Basic Industries","Major Chemicals","http://www.nasdaq.com/symbol/fsi",
"FSP","Franklin Street Properties Corp.","12.53","1255348184.65","n/a","n/a","Consumer Services","Real Estate Investment Trusts","http://www.nasdaq.com/symbol/fsp",
"FTF","Franklin Templeton Limited Duration Income Trust","13","348816416","n/a","2003","n/a","n/a","http://www.nasdaq.com/symbol/ftf",
"FRD","Friedman Industries Inc.","9.96","67722462.24","n/a","1972","Capital Goods","Steel/Iron Ore","http://www.nasdaq.com/symbol/frd",
"FRS","Frisch&#39;s Restaurants, Inc.","22.94","116511525.92","n/a","n/a","Consumer Services","Restaurants","http://www.nasdaq.com/symbol/frs",
"GGN","GAMCO Global Gold, Natural Reources & Income Trust by Gabelli","10.52","1064783335.92","n/a","2005","n/a","n/a","http://www.nasdaq.com/symbol/ggn",
"GGN^B","GAMCO Global Gold, Natural Reources & Income Trust by Gabelli","20","0","n/a","n/a","n/a","n/a","http://www.nasdaq.com/symbol/ggn^b",
"EGAS","Gas Natural Inc.","10.21","105894832.38","n/a","n/a","Public Utilities","Oil/Gas Transmission","http://www.nasdaq.com/symbol/egas",
"GST","Gastar Exploration Inc.","4.24","261153726.4","n/a","n/a","Energy","Oil & Gas Production","http://www.nasdaq.com/symbol/gst",
"GST^A","Gastar Exploration Inc.","23.8","0","n/a","n/a","n/a","n/a","http://www.nasdaq.com/symbol/gst^a",
"JOB","General Employment Enterprises, Inc.","0.2192","4997688.76","n/a","n/a","Technology","Diversified Commercial Services","http://www.nasdaq.com/symbol/job",
"GMO","General Moly, Inc","1.65","150056359.2","n/a","n/a","Basic Industries","Precious Metals","http://www.nasdaq.com/symbol/gmo",
"GIG","GigOptix, Inc.","1.31","29251982.98","n/a","n/a","Technology","Semiconductors","http://www.nasdaq.com/symbol/gig",
"GTT","Global Telecom","5.42","124174508.92","n/a","n/a","Public Utilities","Telecommunications Equipment","http://www.nasdaq.com/symbol/gtt",
"GSB","GlobalSCAPE, Inc.","1.52","28522368.32","n/a","n/a","Technology","Computer Software: Prepackaged Software","http://www.nasdaq.com/symbol/gsb",
"GLOW","Glowpoint, Inc.","1.39","40042215.11","n/a","n/a","Public Utilities","Telecommunications Equipment","http://www.nasdaq.com/symbol/glow",
"GORO","Gold Resource Corporation","5.5","293036529.5","n/a","n/a","Basic Industries","Precious Metals","http://www.nasdaq.com/symbol/goro",
"GSV","Gold Standard Ventures Corporation","0.67","60014632.26","n/a","n/a","Basic Industries","Mining & Quarrying of Nonmetallic Minerals (No Fuels)","http://www.nasdaq.com/symbol/gsv",
"AUMN","Golden Minerals Company","0.92","45059552.08","n/a","n/a","Basic Industries","Precious Metals","http://www.nasdaq.com/symbol/aumn",
"GSS","Golden Star Resources, Ltd","0.43","111415567.1","n/a","n/a","Basic Industries","Precious Metals","http://www.nasdaq.com/symbol/gss",
"GV","Goldfield Corporation (The)","1.73","44030842.42","n/a","n/a","Basic Industries","Water Supply","http://www.nasdaq.com/symbol/gv",
"GRC","Gorman-Rupp Company (The)","38.34","805250917.62","n/a","n/a","Capital Goods","Fluid Controls","http://www.nasdaq.com/symbol/grc",
"GHM","Graham Corporation","36.21","363327700.05","n/a","n/a","Technology","Industrial Machinery/Components","http://www.nasdaq.com/symbol/ghm",
"GTE","Gran Tierra Energy Inc.","7.46","2027718489.8","n/a","n/a","Energy","Oil & Gas Production","http://www.nasdaq.com/symbol/gte",
"GPL","Great Panther Silver Limited","0.82","113470000.18","n/a","n/a","Basic Industries","Precious Metals","http://www.nasdaq.com/symbol/gpl",
"GRH","GreenHunter Resources, Inc.","1.3299","44596276.1244","n/a","n/a","Basic Industries","Major Chemicals","http://www.nasdaq.com/symbol/grh",
"GRH^C","GreenHunter Resources, Inc.","18.99","0","n/a","n/a","n/a","n/a","http://www.nasdaq.com/symbol/grh^c",
"SIM","Grupo Simec, S.A. de C.V.","11.62","1927793685.02","n/a","1993","Basic Industries","Steel/Iron Ore","http://www.nasdaq.com/symbol/sim",
"GVP","GSE Systems, Inc.","1.58","28531676.34","n/a","n/a","Technology","Computer Software: Prepackaged Software","http://www.nasdaq.com/symbol/gvp",
"HWG","Hallwood Group Incorporated","9.95","15175401.7","n/a","n/a","Basic Industries","Textiles","http://www.nasdaq.com/symbol/hwg",
"HEB","Hemispherx BioPharma, Inc.","0.244","40844910.944","n/a","n/a","Health Care","Biotechnology: Biological Products (No Diagnostic Substances)","http://www.nasdaq.com/symbol/heb",
"HLM^","Hillman Group Capital Trust","30.2001","0","n/a","n/a","n/a","n/a","http://www.nasdaq.com/symbol/hlm^",
"HMG","HMG/Courtland Properties, Inc.","21.5","22229409","n/a","n/a","Consumer Services","Real Estate Investment Trusts","http://www.nasdaq.com/symbol/hmg",
"HH","Hooper Holmes, Inc.","0.5205","36364933.9335","n/a","n/a","Health Care","Hospital/Nursing Management","http://www.nasdaq.com/symbol/hh",
"HUSA","Houston American Energy Corporation","0.31","16175813.95","n/a","n/a","Energy","Oil & Gas Production","http://www.nasdaq.com/symbol/husa",
"IBIO","iBio, Inc.","0.425","24094140.375","n/a","n/a","Health Care","Major Pharmaceuticals","http://www.nasdaq.com/symbol/ibio",
"IBO","IBO (Listing Market - NYSE Amex Network B F)","2","0","n/a","n/a","n/a","n/a","http://www.nasdaq.com/symbol/ibo",
"IEC","IEC Electronics Corp.","3.81","38066818.71","n/a","n/a","Technology","Electrical Products","http://www.nasdaq.com/symbol/iec",
"IG","IGI Laboratories, Inc.","1.9","82177688.5","n/a","n/a","Health Care","Biotechnology: Biological Products (No Diagnostic Substances)","http://www.nasdaq.com/symbol/ig",
"IMUC","ImmunoCellular Therapeutics, Ltd.","2.63","143585123.52","n/a","n/a","Health Care","Major Pharmaceuticals","http://www.nasdaq.com/symbol/imuc",
"IMH","Impac Mortgage Holdings, Inc.","9.25","81079931.5","n/a","1995","Consumer Services","Real Estate Investment Trusts","http://www.nasdaq.com/symbol/imh",
"IMO","Imperial Oil Limited","43.12","36548469354.32","n/a","n/a","Energy","Integrated oil Companies","http://www.nasdaq.com/symbol/imo",
"IOT","Income Opportunity Realty Investors, Inc.","4.89","20382566.46","n/a","n/a","Consumer Services","Real Estate Investment Trusts","http://www.nasdaq.com/symbol/iot",
"IRT","Independence Realty Trust, Inc.","8.33","47010688.2","n/a","n/a","Consumer Services","Real Estate Investment Trusts","http://www.nasdaq.com/symbol/irt",
"IGC","India Globalization Capital Inc.","1.01","7125042.98","n/a","1987","Basic Industries","Precious Metals","http://www.nasdaq.com/symbol/igc",
"IGC/WS","India Globalization Capital Inc.","0.01","0","n/a","n/a","n/a","n/a","http://www.nasdaq.com/symbol/igc/ws",
"INFU","InfuSystems Holdings, Inc.","1.49","32912209.19","n/a","1992","Health Care","Medical/Dental Instruments","http://www.nasdaq.com/symbol/infu",
"IHT","InnSuites Hospitality Trust","1.52","14001957.28","n/a","n/a","Consumer Services","Real Estate Investment Trusts","http://www.nasdaq.com/symbol/iht",
"INO","Inovio Pharmaceuticals, Inc.","2.21","419686615.66","n/a","n/a","Health Care","Medical/Dental Instruments","http://www.nasdaq.com/symbol/ino",
"NSPR","InspireMD, Inc.","2.85","98360818.8","n/a","n/a","Health Care","Medical/Dental Instruments","http://www.nasdaq.com/symbol/nspr",
"IFMI","Institutional Financial Markets, Inc.","2.2676","27716117.4216","n/a","n/a","Finance","Investment Bankers/Brokers/Service","http://www.nasdaq.com/symbol/ifmi",
"IDN","Intellicheck Mobilisa, Inc.","0.445","12414372.815","n/a","1999","Technology","Computer Software: Prepackaged Software","http://www.nasdaq.com/symbol/idn",
"INS","Intelligent Systems Corporation","1.52","13616202.56","n/a","1992","Capital Goods","Metal Fabrications","http://www.nasdaq.com/symbol/ins",
"THM","International Tower Hill Mines Ltd","0.3101","30411084.6438","n/a","1984","Basic Industries","Precious Metals","http://www.nasdaq.com/symbol/thm",
"INUV","Inuvo, Inc","1.44","33539713.92","n/a","n/a","Consumer Services","Advertising","http://www.nasdaq.com/symbol/inuv",
"VKI","Invesco Advantage Municipal Income Trust II","10.51","466443795.01","n/a","n/a","n/a","n/a","http://www.nasdaq.com/symbol/vki",
"ICH","Investors Capital Holdings, Ltd.","6.499","46121602.777","n/a","1997","Finance","Finance/Investors Services","http://www.nasdaq.com/symbol/ich",
"ISR","IsoRay, Inc.","0.62","23820091.24","n/a","n/a","Health Care","Medical/Dental Instruments","http://www.nasdaq.com/symbol/isr",
"ITI","Iteris, Inc.","1.81","58771299.11","n/a","n/a","Consumer Durables","Telecommunications Equipment","http://www.nasdaq.com/symbol/iti",
"LTS","Ladenburg Thalmann Financial Services Inc","1.73","317088655.2","n/a","n/a","Finance","Investment Bankers/Brokers/Service","http://www.nasdaq.com/symbol/lts",
"LTS^A","Ladenburg Thalmann Financial Services Inc","24.08","0","n/a","n/a","n/a","n/a","http://www.nasdaq.com/symbol/lts^a",
"LSG","Lake Shore Gold Corp","0.3679","153274580.4096","n/a","n/a","Basic Industries","Precious Metals","http://www.nasdaq.com/symbol/lsg",
"LCI","Lannett Co Inc","18.01","549710044.9","n/a","n/a","Health Care","Major Pharmaceuticals","http://www.nasdaq.com/symbol/lci",
"LAQ","Latin America Equity Fund, Inc. (The)","32.19","239767762.23","n/a","1991","n/a","n/a","http://www.nasdaq.com/symbol/laq",
"LGL","LGL Group, Inc. (The)","6.1","15829079.1","n/a","n/a","Capital Goods","Industrial Machinery/Components","http://www.nasdaq.com/symbol/lgl",
"LGL/WS","LGL Group, Inc. (The)","0.09","0","n/a","n/a","n/a","n/a","http://www.nasdaq.com/symbol/lgl/ws",
"LBY","Libbey, Inc.","23.9","507541140.9","n/a","1993","Capital Goods","Industrial Machinery/Components","http://www.nasdaq.com/symbol/lby",
"LON","Loncor Resources Inc.","0.17","12484754.44","n/a","n/a","Basic Industries","Precious Metals","http://www.nasdaq.com/symbol/lon",
"LEI","Lucas Energy, Inc.","1.14","30688135.38","n/a","n/a","Energy","Oil & Gas Production","http://www.nasdaq.com/symbol/lei",
"MCZ","Mad Catz Interactive Inc","0.8102","51773669.3864","n/a","n/a","Consumer Non-Durables","Recreational Products/Toys","http://www.nasdaq.com/symbol/mcz",
"MVG","Mag Silver Corporation","5.82","350024798.76","n/a","n/a","Basic Industries","Precious Metals","http://www.nasdaq.com/symbol/mvg",
"MHR^C","Magnum Hunter Resources Corporation","25.2408","0","n/a","n/a","n/a","n/a","http://www.nasdaq.com/symbol/mhr^c",
"MHR^D","Magnum Hunter Resources Corporation","46.345","0","n/a","n/a","n/a","n/a","http://www.nasdaq.com/symbol/mhr^d",
"MHR^E","Magnum Hunter Resources Corporation","27.5","0","n/a","n/a","n/a","n/a","http://www.nasdaq.com/symbol/mhr^e",
"MSTX","Mast Therapeutics, Inc.","0.4975","51098367.285","n/a","n/a","Health Care","Major Pharmaceuticals","http://www.nasdaq.com/symbol/mstx",
"MHH","Mastech Holdings, Inc","11.6","38808322","n/a","n/a","Consumer Services","Professional Services","http://www.nasdaq.com/symbol/mhh",
"MDGN","Medgenics, Inc.","7.02","129738782.16","n/a","n/a","Health Care","Biotechnology: Biological Products (No Diagnostic Substances)","http://www.nasdaq.com/symbol/mdgn",
"MDGN/WS","Medgenics, Inc.","3.59","0","n/a","n/a","n/a","n/a","http://www.nasdaq.com/symbol/mdgn/ws",
"MEET","MeetMe, Inc.","1.79","68326514.23","n/a","n/a","Consumer Services","Advertising","http://www.nasdaq.com/symbol/meet",
"IPB","Merrill Lynch & Co., Inc.","25.05","0","n/a","n/a","Finance","Finance: Consumer Services","http://www.nasdaq.com/symbol/ipb",
"MEA","Metalico Inc","1.43","68696170.4","n/a","n/a","Basic Industries","Metal Fabrications","http://www.nasdaq.com/symbol/mea",
"MXC","Mexco Energy Corporation","6.94","14135850.04","n/a","1972","Energy","Oil & Gas Production","http://www.nasdaq.com/symbol/mxc",
"CCA","MFS California Insured Municipal Trust","10.2","28419627.6","n/a","1984","n/a","n/a","http://www.nasdaq.com/symbol/cca",
"MGT","MGT Capital Investments Inc","3.6","22873845.6","n/a","n/a","Miscellaneous","Multi-Sector Companies","http://www.nasdaq.com/symbol/mgt",
"BKR","Michael Baker Corporation","40.47","391937016.57","n/a","n/a","Consumer Services","Other Consumer Services","http://www.nasdaq.com/symbol/bkr",
"MDW","Midway Gold Corporation","0.9493","123046583.8404","n/a","n/a","Basic Industries","Precious Metals","http://www.nasdaq.com/symbol/mdw",
"MGH","Minco Gold Corporation","0.1899","9567107.8785","n/a","n/a","Basic Industries","Precious Metals","http://www.nasdaq.com/symbol/mgh",
"MGN","Mines Management, Inc.","0.57","16529858.64","n/a","1985","Basic Industries","Precious Metals","http://www.nasdaq.com/symbol/mgn",
"MXA","Minnesota Municipal Income Portfolio Inc.","14.7","60957122.1","n/a","1993","n/a","n/a","http://www.nasdaq.com/symbol/mxa",
"MDM","Mountain Province Diamonds Inc.","5.13","483082614.63","n/a","n/a","Basic Industries","Precious Metals","http://www.nasdaq.com/symbol/mdm",
"MVF","MuniVest Fund, Inc.","9.33","10828833794.97","n/a","1993","n/a","n/a","http://www.nasdaq.com/symbol/mvf",
"MZA","MuniYield Arizona Fund, Inc.","13.05","15146439552.45","n/a","1993","n/a","n/a","http://www.nasdaq.com/symbol/mza",
"NNVC","NanoViricides, Inc.","5.55","277541070","n/a","n/a","n/a","n/a","http://www.nasdaq.com/symbol/nnvc",
"NHC","National HealthCare Corporation","47.21","664029847.29","n/a","n/a","Health Care","Hospital/Nursing Management","http://www.nasdaq.com/symbol/nhc",
"NHC^A","National HealthCare Corporation","14.3","0","n/a","n/a","n/a","n/a","http://www.nasdaq.com/symbol/nhc^a",
"NAVB","Navidea Biopharmaceuticals, Inc.","2.51","306992224.09","n/a","n/a","Health Care","Biotechnology: In Vitro & In Vivo Diagnostic Substances","http://www.nasdaq.com/symbol/navb",
"NBW","Neuberger Berman California Intermediate Municipal Fund Inc.","14.23","78729808.72","n/a","2002","n/a","n/a","http://www.nasdaq.com/symbol/nbw",
"NHS","Neuberger Berman High Yield Strategies Fund","12.97","253441374.48","n/a","n/a","n/a","n/a","http://www.nasdaq.com/symbol/nhs",
"NBH","Neuberger Berman Intermediate Municipal Fund Inc.","13.97","262107291.38","n/a","2002","n/a","n/a","http://www.nasdaq.com/symbol/nbh",
"NML","Neuberger Berman MLP Income Fund Inc.","18.76","1060110040.64","n/a","n/a","n/a","n/a","http://www.nasdaq.com/symbol/nml",
"NBO","Neuberger Berman New York Intermediate Municipal Fund Inc.","12.88","65371370.96","n/a","2002","n/a","n/a","http://www.nasdaq.com/symbol/nbo",
"NRO","Neuberger Berman Real Estate Securities Income Fund, Inc.","4.5","251045307","n/a","2003","n/a","n/a","http://www.nasdaq.com/symbol/nro",
"CUR","Neuralstem, Inc.","2.48","180551769.84","n/a","1973","Health Care","Biotechnology: Biological Products (No Diagnostic Substances)","http://www.nasdaq.com/symbol/cur",
"UWN","Nevada Gold & Casinos, Inc.","1.02","16422564.06","n/a","n/a","Consumer Services","Services-Misc. Amusement & Recreation","http://www.nasdaq.com/symbol/uwn",
"NSU","Nevsun Resources Ltd","3.2","637784966.4","n/a","n/a","Basic Industries","Precious Metals","http://www.nasdaq.com/symbol/nsu",
"GBR","New Concept Energy, Inc","1.2464","2426659.784","n/a","n/a","Energy","Oil & Gas Production","http://www.nasdaq.com/symbol/gbr",
"NEN","New England Realty Associates Limited Partnership","46.3","180626115.6","n/a","n/a","Consumer Services","Building operators","http://www.nasdaq.com/symbol/nen",
"NGD","NEW GOLD INC.","5.88","2954412485.64","n/a","n/a","Basic Industries","Precious Metals","http://www.nasdaq.com/symbol/ngd",
"PAL","North American Palladium, Ltd.","0.9701","190897612.8576","n/a","2000","Basic Industries","Precious Metals","http://www.nasdaq.com/symbol/pal",
"NAK","Northern Dynasty Minerals, Ltd.","1.61","152965881.04","n/a","n/a","Basic Industries","Precious Metals","http://www.nasdaq.com/symbol/nak",
"NOG","Northern Oil and Gas, Inc.","15.17","967972745.35","n/a","n/a","Energy","Oil & Gas Production","http://www.nasdaq.com/symbol/nog",
"NBY","NovaBay Pharmaceuticals, Inc.","1.71","63991474.65","n/a","2007","Health Care","Major Pharmaceuticals","http://www.nasdaq.com/symbol/nby",
"NCQ","NovaCopper Inc.","1.93","102320102.21","n/a","n/a","Basic Industries","Precious Metals","http://www.nasdaq.com/symbol/ncq",
"NG","Novagold Resources Inc.","2.23","706127526.45","n/a","n/a","Basic Industries","Precious Metals","http://www.nasdaq.com/symbol/ng",
"NTN","NTN Buzztime, Inc.","0.3725","26717632.9025","n/a","n/a","Consumer Services","Broadcasting","http://www.nasdaq.com/symbol/ntn",
"NLP","NTS Realty Holdings Limited Partnership","4.26","47265867.24","n/a","n/a","Consumer Services","Real Estate Investment Trusts","http://www.nasdaq.com/symbol/nlp",
"NTS","NTS, Inc.","1.5899","65923421.2221","n/a","n/a","Consumer Services","Telecommunications Equipment","http://www.nasdaq.com/symbol/nts",
"NEA","Nuveen AMT-Free Municipal Income Fund","12.26","967106524.02","n/a","2002","n/a","n/a","http://www.nasdaq.com/symbol/nea",
"NAZ^C","Nuveen Arizona Premium Income Municipal Fund","10","0","n/a","n/a","n/a","n/a","http://www.nasdaq.com/symbol/naz^c",
"NKX","Nuveen California AMT-Free Municipal Income Fund","12.2","510493884.2","n/a","2002","n/a","n/a","http://www.nasdaq.com/symbol/nkx",
"NVX","Nuveen California Dividend Advantage Municipal Fund 2","13.12","193561196.8","n/a","2001","n/a","n/a","http://www.nasdaq.com/symbol/nvx",
"NZH","Nuveen California Dividend Advantage Municipal Fund 3","11.48","277263628.32","n/a","n/a","n/a","n/a","http://www.nasdaq.com/symbol/nzh",
"NCB","Nuveen California Municipal Value Fund 2","14.77","48562283","n/a","n/a","n/a","n/a","http://www.nasdaq.com/symbol/ncb",
"NCU","Nuveen California Premium Income Municipal Fund","13.18","75558897.1","n/a","1993","n/a","n/a","http://www.nasdaq.com/symbol/ncu",
"CFD","Nuveen Diversified Commodity Fund","16.53","152394037.2","n/a","1998","Finance","Investment Bankers/Brokers/Service","http://www.nasdaq.com/symbol/cfd",
"NXZ","Nuveen Dividend Advantage Municipal Fund 2","12.96","382040206.56","n/a","2001","n/a","n/a","http://www.nasdaq.com/symbol/nxz",
"NZF","Nuveen Dividend Advantage Municipal Fund 3","12.45","502980348.6","n/a","2007","n/a","n/a","http://www.nasdaq.com/symbol/nzf",
"NVG","Nuveen Dividend Advantage Municipal Income Fund","12.6","375516540","n/a","2002","n/a","n/a","http://www.nasdaq.com/symbol/nvg",
"NKG","Nuveen Georgia Dividend Advantage Municipal Fund 2","11.85","124996715.1","n/a","2002","n/a","n/a","http://www.nasdaq.com/symbol/nkg",
"NKG^E","Nuveen Georgia Dividend Advantage Municipal Fund 2","10.03","0","n/a","n/a","n/a","n/a","http://www.nasdaq.com/symbol/nkg^e",
"CTF","Nuveen Long/Short Commodity Total Return Fund","17.1799","322833342.066","n/a","1986","Finance","Investment Bankers/Brokers/Service","http://www.nasdaq.com/symbol/ctf",
"NGX","Nuveen Massachusetts AMT-Free Municipal Income Fund","12.5","34091462.5","n/a","2002","n/a","n/a","http://www.nasdaq.com/symbol/ngx",
"NMB","Nuveen Massachusetts Dividend Advantage Municipal Fund","13.1","25752713.6","n/a","2001","Consumer Services","Miscellaneous","http://www.nasdaq.com/symbol/nmb",
"NMB^C","Nuveen Massachusetts Dividend Advantage Municipal Fund","10.05","0","n/a","n/a","n/a","n/a","http://www.nasdaq.com/symbol/nmb^c",
"NUM^C","Nuveen Michigan Quality Income Municipal Fund","9.99","0","n/a","n/a","n/a","n/a","http://www.nasdaq.com/symbol/num^c",
"NOM","Nuveen Missouri Premium Income Municipal Fund","13.4","31158309.8","n/a","1993","n/a","n/a","http://www.nasdaq.com/symbol/nom",
"NMZ","Nuveen Municipal High Income Opportunity Fund","11.74","370081546.2","n/a","2003","n/a","n/a","http://www.nasdaq.com/symbol/nmz",
"NXJ","Nuveen New Jersey Dividend Advantage Municipal Fund","12.65","83119203.2","n/a","2001","n/a","n/a","http://www.nasdaq.com/symbol/nxj",
"NUJ","Nuveen New Jersey Dividend Advantage Municipal Fund 2","12.35","55908622.9","n/a","1991","n/a","n/a","http://www.nasdaq.com/symbol/nuj",
"NJV","Nuveen New Jersey Municipal Value Fund","13.9273","21796725.8828","n/a","n/a","n/a","n/a","http://www.nasdaq.com/symbol/njv",
"NRK","Nuveen New York AMT-Free Municipal Income Fund","12.11","1061060083.44","n/a","2002","n/a","n/a","http://www.nasdaq.com/symbol/nrk",
"NXK","Nuveen New York Dividend Advantage Municipal Fund 2","12.67","82209497.72","n/a","2001","n/a","n/a","http://www.nasdaq.com/symbol/nxk",
"NYV","Nuveen New York Municipal Value Fund 2","13.74","32283668.88","n/a","2009","n/a","n/a","http://www.nasdaq.com/symbol/nyv",
"NXM","Nuveen Pennsylvania Dividend Advantage Municipal Fund","12.24","40661084.16","n/a","2001","n/a","n/a","http://www.nasdaq.com/symbol/nxm",
"NVY","Nuveen Pennsylvania Dividend Advantage Municipal Fund 2","12.06","44942337.72","n/a","1993","n/a","n/a","http://www.nasdaq.com/symbol/nvy",
"NPN","Nuveen Pennsylvania Municipal Value Fund","13.34","16266155.68","n/a","1992","n/a","n/a","http://www.nasdaq.com/symbol/npn",
"JRS","Nuveen Real Estate Fund","10.66","306643364.04","n/a","2001","n/a","n/a","http://www.nasdaq.com/symbol/jrs",
"OGEN","Oragenics, Inc.","3.17","87219633.6","n/a","n/a","Health Care","Major Pharmaceuticals","http://www.nasdaq.com/symbol/ogen",
"OBT","Orbital Corporation Limited","2.25","6851596.5","n/a","n/a","Capital Goods","Auto Parts:O.E.M.","http://www.nasdaq.com/symbol/obt",
"ORC","Orchid Island Capital, Inc.","11.23","37526897.95","n/a","n/a","Consumer Services","Real Estate Investment Trusts","http://www.nasdaq.com/symbol/orc",
"TIS","Orchids Paper Products Company","27.7","220193532.5","n/a","1988","Basic Industries","Paper","http://www.nasdaq.com/symbol/tis",
"ONVO","Organovo Holdings, Inc.","5.55","424614232.95","n/a","n/a","Health Care","Biotechnology: Biological Products (No Diagnostic Substances)","http://www.nasdaq.com/symbol/onvo",
"ONP","Orient Paper, Inc.","1.68","31007592","n/a","n/a","Consumer Durables","Containers/Packaging","http://www.nasdaq.com/symbol/onp",
"OESX","Orion Energy Systems, Inc.","3.68","77580582.4","n/a","2007","Consumer Durables","Building Products","http://www.nasdaq.com/symbol/oesx",
"ORM","Owens Realty Mortgage, Inc.","12.35","138296769.65","n/a","n/a","Consumer Services","Real Estate Investment Trusts","http://www.nasdaq.com/symbol/orm",
"PHF","Pacholder High Yield Fund, Inc.","8.0114","104093257.8188","n/a","1988","n/a","n/a","http://www.nasdaq.com/symbol/phf",
"PBM","Pacific Booker Minerals Inc","4.84","59805648.76","n/a","n/a","Basic Industries","Precious Metals","http://www.nasdaq.com/symbol/pbm",
"PCG^A","Pacific Gas & Electric Co.","27.202","0","n/a","n/a","n/a","n/a","http://www.nasdaq.com/symbol/pcg^a",
"PCG^B","Pacific Gas & Electric Co.","25.15","0","n/a","n/a","n/a","n/a","http://www.nasdaq.com/symbol/pcg^b",
"PCG^C","Pacific Gas & Electric Co.","23.882","0","n/a","n/a","n/a","n/a","http://www.nasdaq.com/symbol/pcg^c",
"PCG^D","Pacific Gas & Electric Co.","22.08","0","n/a","n/a","n/a","n/a","http://www.nasdaq.com/symbol/pcg^d",
"PCG^E","Pacific Gas & Electric Co.","22.78","0","n/a","n/a","n/a","n/a","http://www.nasdaq.com/symbol/pcg^e",
"PCG^G","Pacific Gas & Electric Co.","23.7","0","n/a","n/a","n/a","n/a","http://www.nasdaq.com/symbol/pcg^g",
"PCG^H","Pacific Gas & Electric Co.","21.26","0","n/a","n/a","n/a","n/a","http://www.nasdaq.com/symbol/pcg^h",
"PCG^I","Pacific Gas & Electric Co.","20.89","0","n/a","n/a","n/a","n/a","http://www.nasdaq.com/symbol/pcg^i",
"PTN","Palatin Technologies, Inc.","0.6401","25086578.3655","n/a","1997","Health Care","Major Pharmaceuticals","http://www.nasdaq.com/symbol/ptn",
"PZG","Paramount Gold and Silver Corp.","1.28","199335767.04","n/a","n/a","Basic Industries","Precious Metals","http://www.nasdaq.com/symbol/pzg",
"PCYG","Park City Group, Inc.","8.92","147720016.8","n/a","n/a","Technology","EDP Services","http://www.nasdaq.com/symbol/pcyg",
"PRK","Park National Corporation","78.43","1208761042.39","n/a","n/a","Finance","Major Banks","http://www.nasdaq.com/symbol/prk",
"PED","Pedevco Corp.","3.9999","89996062.0422","n/a","n/a","Energy","Oil & Gas Production","http://www.nasdaq.com/symbol/ped",
"PIP","PharmAthene, Inc","2.1","109852917.3","n/a","1973","Health Care","Major Pharmaceuticals","http://www.nasdaq.com/symbol/pip",
"HNW","Pioneer Diversified High Income Trust","20.65","171298110.2","n/a","2007","n/a","n/a","http://www.nasdaq.com/symbol/hnw",
"PLG","Platinum Group Metals Ltd.","1.24","499421832.08","n/a","1989","Basic Industries","Precious Metals","http://www.nasdaq.com/symbol/plg",
"PCC","PMC Commercial Trust","8.78","93034811.6","n/a","1993","Consumer Services","Real Estate Investment Trusts","http://www.nasdaq.com/symbol/pcc",
"PLM","Polymet Mining Corp.","0.8074","222003571.1476","n/a","n/a","Basic Industries","Precious Metals","http://www.nasdaq.com/symbol/plm",
"PW","Power REIT","8.55","14337965.25","n/a","n/a","Consumer Services","Real Estate Investment Trusts","http://www.nasdaq.com/symbol/pw",
"APTS","Preferred Apartment Communities, Inc.","8.22","90737185.14","n/a","n/a","Consumer Services","Real Estate Investment Trusts","http://www.nasdaq.com/symbol/apts",
"PLX","Protalix BioTherapeutics, Inc.","4.39","410697274.9","n/a","n/a","Health Care","Biotechnology: Biological Products (No Diagnostic Substances)","http://www.nasdaq.com/symbol/plx",
"PDO","Pyramid Oil Co","5.28","24753088.8","n/a","n/a","Energy","Oil & Gas Production","http://www.nasdaq.com/symbol/pdo",
"QMM","Quaterra Resources Inc","0.13","25064108.68","n/a","n/a","Basic Industries","Precious Metals","http://www.nasdaq.com/symbol/qmm",
"QRM","Quest Rare Minerals Ltd","0.86","57823857.84","n/a","n/a","Basic Industries","Precious Metals","http://www.nasdaq.com/symbol/qrm",
"RLGT","Radiant Logistics, Inc.","2.35","78368190.1","n/a","n/a","Transportation","Oil Refining/Marketing","http://www.nasdaq.com/symbol/rlgt",
"REE","Rare Element Resources Ltd.","2.49","118591840.05","n/a","1992","Basic Industries","Precious Metals","http://www.nasdaq.com/symbol/ree",
"UTG","Reaves Utility Income Fund","25.14","729419351.16","n/a","2004","n/a","n/a","http://www.nasdaq.com/symbol/utg",
"REED","Reeds, Inc.","5.38","68468166.5","n/a","1986","Consumer Non-Durables","Beverages (Production/Distribution)","http://www.nasdaq.com/symbol/reed",
"RWC","RELM Wireless Corporation","2.56","34766005.76","n/a","n/a","Technology","Radio And Television Broadcasting And Communications Equipment","http://www.nasdaq.com/symbol/rwc",
"RCG","Renaissance Capital Growth & Income Fund III, Inc.","1.4432","6442397.1744","n/a","n/a","n/a","n/a","http://www.nasdaq.com/symbol/rcg",
"RVP","Retractable Technologies, Inc.","3.2","85638528","n/a","n/a","Health Care","Medical/Dental Instruments","http://www.nasdaq.com/symbol/rvp",
"RVM","Revett Minerals Inc.","1.22","42207592.14","n/a","n/a","Basic Industries","Precious Metals","http://www.nasdaq.com/symbol/rvm",
"RNN","Rexahn Pharmaceuticals, Inc.","0.525","70464417.975","n/a","n/a","Health Care","Major Pharmaceuticals","http://www.nasdaq.com/symbol/rnn",
"RIC","Richmont Mines, Inc.","1.44","57018388.32","n/a","n/a","Basic Industries","Precious Metals","http://www.nasdaq.com/symbol/ric",
"REI","Ring Energy, Inc.","14.05","250108447.65","n/a","n/a","Energy","Oil & Gas Production","http://www.nasdaq.com/symbol/rei",
"RIF","RMR Real Estate Income Fund.","17.44","133442282.08","n/a","2002","n/a","n/a","http://www.nasdaq.com/symbol/rif",
"RPI","Roberts Realty Investors, Inc.","0.8101","8171720.9199","n/a","n/a","Consumer Services","Real Estate Investment Trusts","http://www.nasdaq.com/symbol/rpi",
"RBY","Rubicon Minerals Corp","1.23","355216746.69","n/a","n/a","Basic Industries","Precious Metals","http://www.nasdaq.com/symbol/rby",
"SGA","Saga Communications, Inc.","45","255893715","n/a","1992","Consumer Services","Broadcasting","http://www.nasdaq.com/symbol/sga",
"SSN","Samson Oil & Gas Limited","0.4972","63333766.5752","n/a","n/a","Energy","Oil & Gas Production","http://www.nasdaq.com/symbol/ssn",
"SDO^A/CL","San Diego Gas & Electric Company","24.16","0","n/a","n/a","n/a","n/a","http://www.nasdaq.com/symbol/sdo^a/cl",
"SDO^B/CL","San Diego Gas & Electric Company","21.39","0","n/a","n/a","n/a","n/a","http://www.nasdaq.com/symbol/sdo^b/cl",
"SDO^C/CL","San Diego Gas & Electric Company","21.113","0","n/a","n/a","n/a","n/a","http://www.nasdaq.com/symbol/sdo^c/cl",
"SDO^H/CL","San Diego Gas & Electric Company","26.42","0","n/a","n/a","n/a","n/a","http://www.nasdaq.com/symbol/sdo^h/cl",
"SAND          ","Sandstorm Gold Ltd","5.12","487701166.08","n/a","n/a","Basic Industries","Precious Metals","http://www.nasdaq.com/symbol/sand          ",
"SARA","Saratoga Resources Inc","2.49","77044586.49","n/a","n/a","Energy","Oil & Gas Production","http://www.nasdaq.com/symbol/sara",
"SEB","Seaboard Corporation","2736","3260866032","n/a","1996","Finance","Investment Bankers/Brokers/Service","http://www.nasdaq.com/symbol/seb",
"SED","SED International Holdings Inc","1.83","9452865","n/a","n/a","Technology","Retail: Computer Software & Peripheral Equipment","http://www.nasdaq.com/symbol/sed",
"SVT","Servotronics, Inc.","8.71","22020047.14","n/a","n/a","Capital Goods","Industrial Machinery/Components","http://www.nasdaq.com/symbol/svt",
"SIF","SIFCO Industries, Inc.","18.45","99141554.7","n/a","n/a","Capital Goods","Aerospace","http://www.nasdaq.com/symbol/sif",
"SVBL","Silver Bull Resources, Inc.","0.3625","57663838.1625","n/a","n/a","Basic Industries","Precious Metals","http://www.nasdaq.com/symbol/svbl",
"SVLC","SilverCrest Mines, Inc.","1.66","180513720.3","n/a","n/a","Basic Industries","Precious Metals","http://www.nasdaq.com/symbol/svlc",
"WWZ^K","SiM Internal Test 10","n/a","0","n/a","n/a","n/a","n/a","http://www.nasdaq.com/symbol/wwz^k",
"MMZ^K","SiM Internal Test 6","n/a","0","n/a","n/a","n/a","n/a","http://www.nasdaq.com/symbol/mmz^k",
"OOZ^K","SiM Internal Test 7","n/a","0","n/a","n/a","n/a","n/a","http://www.nasdaq.com/symbol/ooz^k",
"QQZ^K","SiM Internal Test 8","n/a","0","n/a","n/a","n/a","n/a","http://www.nasdaq.com/symbol/qqz^k",
"SS^K","SiM Internal Test 9","n/a","0","n/a","n/a","n/a","n/a","http://www.nasdaq.com/symbol/ss^k",
"SKY","Skyline Corporation","4.97","41704482.68","n/a","n/a","Basic Industries","Homebuilding","http://www.nasdaq.com/symbol/sky",
"SLI","SL Industries, Inc.","26.84","111063920","n/a","n/a","Capital Goods","Industrial Machinery/Components","http://www.nasdaq.com/symbol/sli",
"ZXX","SM Listed Test 3","n/a","0","n/a","n/a","n/a","n/a","http://www.nasdaq.com/symbol/zxx",
"ZXX^F","SM Listed Test 3","n/a","0","n/a","n/a","n/a","n/a","http://www.nasdaq.com/symbol/zxx^f",
"XPL","Solitario Exploration & Royalty Corp","0.9","33465915","n/a","n/a","Basic Industries","Precious Metals","http://www.nasdaq.com/symbol/xpl",
"SOQ","Sonde Resources Corp","0.9252","57641297.8392","n/a","n/a","Energy","Oil & Gas Production","http://www.nasdaq.com/symbol/soq",
"SCE^B","Southern California Edison Company","20.66","0","n/a","n/a","n/a","n/a","http://www.nasdaq.com/symbol/sce^b",
"SCE^C","Southern California Edison Company","20.74","0","n/a","n/a","n/a","n/a","http://www.nasdaq.com/symbol/sce^c",
"SCE^D","Southern California Edison Company","21.09","0","n/a","n/a","n/a","n/a","http://www.nasdaq.com/symbol/sce^d",
"SCE^E","Southern California Edison Company","23.01","0","n/a","n/a","n/a","n/a","http://www.nasdaq.com/symbol/sce^e",
"SGB","Southwest Georgia Financial Corporation","9.65","24586627.05","n/a","n/a","Finance","Major Banks","http://www.nasdaq.com/symbol/sgb",
"LOV","Spark Networks, Inc.","7.95","188854261.35","n/a","n/a","Miscellaneous","Business Services","http://www.nasdaq.com/symbol/lov",
"STRP","Straight Path Communications Inc.","6.1","70030275.3","n/a","n/a","Public Utilities","Telecommunications Equipment","http://www.nasdaq.com/symbol/strp",
"SSY","SunLink Health Systems, Inc.","0.76","7176990.08","n/a","n/a","Health Care","Hospital/Nursing Management","http://www.nasdaq.com/symbol/ssy",
"STS","Supreme Industries, Inc.","6.45","105047995.95","n/a","n/a","Capital Goods","Construction/Ag Equipment/Trucks","http://www.nasdaq.com/symbol/sts",
"SYRG","Synergy Resources Corporation","10.27","707863139.1","n/a","n/a","Energy","Oil & Gas Production","http://www.nasdaq.com/symbol/syrg",
"SYN","Synthetic Biologics, Inc","1.85","82610665.9","n/a","n/a","Health Care","Major Pharmaceuticals","http://www.nasdaq.com/symbol/syn",
"TRX","Tanzanian Royalty Exploration Corporation","2.35","237168067.7","n/a","2005","Basic Industries","Precious Metals","http://www.nasdaq.com/symbol/trx",
"TGB","Taseko Mines Limited","2.06","396800403.3","n/a","n/a","Basic Industries","Precious Metals","http://www.nasdaq.com/symbol/tgb",
"TAS","Tasman Metals Ltd","0.76","46246746.32","n/a","n/a","Basic Industries","Precious Metals","http://www.nasdaq.com/symbol/tas",
"TSH","Teche Holding Company","45.7501","93060186.9098","n/a","n/a","Finance","Major Banks","http://www.nasdaq.com/symbol/tsh",
"TRC/WS","Tejon Ranch Co","2.89","0","n/a","n/a","n/a","n/a","http://www.nasdaq.com/symbol/trc/ws",
"TIK","Tel-Instrument Electronics Corp.","3.8","12323730.6","n/a","n/a","Capital Goods","Electrical Products","http://www.nasdaq.com/symbol/tik",
"TGC","Tengasco, Inc.","0.4166","25346949.2558","n/a","n/a","Energy","Oil & Gas Production","http://www.nasdaq.com/symbol/tgc",
"GLU","The Gabelli Global Utility and Income Trust","19.59","80901058.08","n/a","2004","n/a","n/a","http://www.nasdaq.com/symbol/glu",
"GLU^A","The Gabelli Global Utility and Income Trust","50.75","0","n/a","n/a","n/a","n/a","http://www.nasdaq.com/symbol/glu^a",
"TXMD","TherapeuticsMD, Inc.","3.42","448747454.52","n/a","n/a","Health Care","Major Pharmaceuticals","http://www.nasdaq.com/symbol/txmd",
"TPI","Tianyin Pharmaceutical Co., Inc.","0.6999","20565015.4209","n/a","1986","Health Care","Major Pharmaceuticals","http://www.nasdaq.com/symbol/tpi",
"IDI","Tiger Media, Inc.","1.29","41580260.4","n/a","n/a","Consumer Services","Advertising","http://www.nasdaq.com/symbol/idi",
"IDI/WS","Tiger Media, Inc.","0.11","0","n/a","n/a","n/a","n/a","http://www.nasdaq.com/symbol/idi/ws",
"TLR","Timberline Resources Corporation","0.1826","10160919.0628","n/a","1983","Basic Industries","Precious Metals","http://www.nasdaq.com/symbol/tlr",
"TGD","Timmons Gold Corp","1.56","224888110.2","n/a","n/a","Basic Industries","Precious Metals","http://www.nasdaq.com/symbol/tgd",
"TOF","Tofutti Brands Inc.","2.25","11595838.5","n/a","n/a","Consumer Non-Durables","Specialty Foods","http://www.nasdaq.com/symbol/tof",
"TMP","Tompkins Financial Corporation","44.37","641377224","n/a","n/a","Finance","Major Banks","http://www.nasdaq.com/symbol/tmp",
"TAT","Transatlantic Petroleum Ltd","0.77","287504355.6","n/a","n/a","Energy","Oil & Gas Production","http://www.nasdaq.com/symbol/tat",
"TPLM","Triangle Petroleum Corporation","10.7","890237432","n/a","n/a","Energy","Oil & Gas Production","http://www.nasdaq.com/symbol/tplm",
"TRT","Trio-Tech International","3.43","11392933.65","n/a","1984","Technology","Industrial Machinery/Components","http://www.nasdaq.com/symbol/trt",
"TCX","Tucows Inc.","2.44","105944155.84","n/a","n/a","Technology","EDP Services","http://www.nasdaq.com/symbol/tcx",
"TWO/WS","Two Harbors Investments Corp","0.29","0","n/a","n/a","n/a","n/a","http://www.nasdaq.com/symbol/two/ws",
"HTM","U.S. Geothermal Inc.","0.4203","42667495.9092","n/a","n/a","Public Utilities","Electric Utilities: Central","http://www.nasdaq.com/symbol/htm",
"UAMY","United States Antimony Corporation","1.56","97689892.56","n/a","n/a","Capital Goods","Metal Fabrications","http://www.nasdaq.com/symbol/uamy",
"UVE","UNIVERSAL INSURANCE HOLDINGS INC","6.98","245470036.46","n/a","n/a","Finance","Property-Casualty Insurers","http://www.nasdaq.com/symbol/uve",
"UPG","Universal Power Group Inc","1.8","9036000","n/a","2006","Consumer Non-Durables","Telecommunications Equipment","http://www.nasdaq.com/symbol/upg",
"UUU","Universal Security Instruments, Inc.","4.8","10981857.6","n/a","n/a","Consumer Non-Durables","Electronic Components","http://www.nasdaq.com/symbol/uuu",
"UQM","UQM TECHNOLOGIES INC","1.7","61562688.2","n/a","n/a","Capital Goods","Industrial Machinery/Components","http://www.nasdaq.com/symbol/uqm",
"URG","Ur Energy Inc","1.07","131039313.36","n/a","n/a","Basic Industries","Precious Metals","http://www.nasdaq.com/symbol/urg",
"URZ","Uranerz Energy Corporation","0.97","83188241.78","n/a","n/a","Basic Industries","Precious Metals","http://www.nasdaq.com/symbol/urz",
"UEC","Uranium Energy Corp.","2.16","184701699.36","n/a","n/a","Basic Industries","Precious Metals","http://www.nasdaq.com/symbol/uec",
"VTG","Vantage Drilling Company","1.8","543819007.8","n/a","n/a","Energy","Oil & Gas Production","http://www.nasdaq.com/symbol/vtg",
"VSB","VantageSouth Bancshares, Inc.","5.2","239401801.6","n/a","n/a","Finance","Major Banks","http://www.nasdaq.com/symbol/vsb",
"VSR","Versar, Inc.","4.44","42883020.72","n/a","1986","Consumer Services","Military/Government/Technical","http://www.nasdaq.com/symbol/vsr",
"VII","Vicon Industries, Inc.","2.6999","12160039.1115","n/a","n/a","Consumer Durables","Telecommunications Equipment","http://www.nasdaq.com/symbol/vii",
"VHC","VirnetX Holding Corp","19.62","1004605626.42","n/a","n/a","Miscellaneous","Multi-Sector Companies","http://www.nasdaq.com/symbol/vhc",
"VGZ","Vista Gold Corporation","0.45","36804975.75","n/a","n/a","Basic Industries","Precious Metals","http://www.nasdaq.com/symbol/vgz",
"EAD","Wells Fargo Advantage Income Opportunities Fund","8.94","634588028.94","n/a","2003","n/a","n/a","http://www.nasdaq.com/symbol/ead",
"ERC","Wells Fargo Advantage Multi-Sector Income Fund","14.22","598022100","n/a","2003","n/a","n/a","http://www.nasdaq.com/symbol/erc",
"ERH","Wells Fargo Advantage Utilities and High Income Fund","11.94","110220325.02","n/a","2004","n/a","n/a","http://www.nasdaq.com/symbol/erh",
"WGA","Wells-Gardner Electronics Corporation","1.75","20480250","n/a","n/a","Technology","Radio And Television Broadcasting And Communications Equipment","http://www.nasdaq.com/symbol/wga",
"SBI","Western Asset Intermediate Muni Fund Inc","9.06","127536840.84","n/a","1992","n/a","n/a","http://www.nasdaq.com/symbol/sbi",
"WRN","Western Copper and Gold Corporation","0.7","65578755.9","n/a","1994","Basic Industries","Precious Metals","http://www.nasdaq.com/symbol/wrn",
"WYY","WidePoint Corporation","0.92","58725768.44","n/a","n/a","Technology","EDP Services","http://www.nasdaq.com/symbol/wyy",
"WTT","Wireless Telecom Group,  Inc.","1.92","45951803.52","n/a","n/a","Capital Goods","Electrical Products","http://www.nasdaq.com/symbol/wtt",
"ZBB","ZBB Energy Corporation","0.186","16468216.986","n/a","2007","Public Utilities","Electric Utilities: Central","http://www.nasdaq.com/symbol/zbb",
